date	phase	semaine	matière	leçon	id	ouverte	videoUrl
2026-10-12	1	2	السيرة النبوية	الدرس [1] السيرة النبوية	7	non	
2026-10-13	1	2	التجويد	الدرس [1] التجويد	1183	non	
2026-10-14	1	2	التوحيد و العقيدة	الدرس [1] التوحيد و العقيدة	65	non	
2026-10-15	1	2	النحو	الدرس [1] النحو	94	non	
2026-10-17	1	2	الفقه	الدرس [1] الفقه	833	non	
2026-10-19	1	3	السيرة النبوية	الدرس [2] السيرة النبوية	8	non	
2026-10-20	1	3	التجويد	الدرس [2] التجويد	1184	non	
2026-10-21	1	3	التوحيد و العقيدة	الدرس [2] التوحيد و العقيدة	66	non	
2026-10-22	1	3	النحو	الدرس [2] النحو	95	non	
2026-10-24	1	3	الفقه	الدرس [2] الفقه	124	non	
2026-10-26	1	4	السيرة النبوية	الدرس [3] السيرة النبوية	9	non	
2026-10-27	1	4	التجويد	الدرس [3] التجويد	1185	non	
2026-10-28	1	4	التوحيد و العقيدة	الدرس [3] التوحيد و العقيدة	67	non	
2026-10-29	1	4	النحو	الدرس [3] النحو	96	non	
2026-10-31	1	4	الفقه	الدرس [3] الفقه	125	non	
2026-11-02	1	5	السيرة النبوية	الدرس [4] السيرة النبوية	10	non	
2026-11-03	1	5	التجويد	الدرس [4] التجويد	1186	non	
2026-11-04	1	5	التوحيد و العقيدة	الدرس [4] التوحيد و العقيدة	68	non	
2026-11-05	1	5	النحو	الدرس [4] النحو	97	non	
2026-11-07	1	5	الفقه	الدرس [4] الفقه	126	non	
2026-11-09	1	6	السيرة النبوية	الدرس [5] السيرة النبوية	11	non	
2026-11-10	1	6	التجويد	الدرس [5] التجويد	1187	non	
2026-11-11	1	6	التوحيد و العقيدة	الدرس [5] التوحيد و العقيدة	69	non	
2026-11-12	1	6	النحو	الدرس [5] النحو	98	non	
2026-11-14	1	6	الفقه	الدرس [5] الفقه	127	non	
2026-11-16	1	7	السيرة النبوية	الدرس [6] السيرة النبوية	12	non	
2026-11-17	1	7	التجويد	الدرس [6] التجويد	1188	non	
2026-11-18	1	7	التوحيد و العقيدة	الدرس [6] التوحيد و العقيدة	70	non	
2026-11-19	1	7	النحو	الدرس [6] النحو	99	non	
2026-11-21	1	7	الفقه	الدرس [6] الفقه	128	non	
2026-11-23	1	8	السيرة النبوية	الدرس [7] السيرة النبوية	13	non	
2026-11-24	1	8	التجويد	الدرس [7] التجويد	1189	non	
2026-11-25	1	8	التوحيد و العقيدة	الدرس [7] التوحيد و العقيدة	71	non	
2026-11-26	1	8	النحو	الدرس [7] النحو	100	non	
2026-11-28	1	8	الفقه	الدرس [7] الفقه	129	non	
2026-11-30	1	9	السيرة النبوية	الدرس [8] السيرة النبوية	14	non	
2026-12-01	1	9	التجويد	الدرس [8] التجويد	1190	non	
2026-12-02	1	9	التوحيد و العقيدة	الدرس [8] التوحيد و العقيدة	72	non	
2026-12-03	1	9	النحو	الدرس [8] النحو	101	non	
2026-12-05	1	9	الفقه	الدرس [8] الفقه	130	non	
2026-12-07	1	10	السيرة النبوية	الدرس [9] السيرة النبوية	15	non	
2026-12-08	1	10	التجويد	الدرس [9] التجويد	1191	non	
2026-12-09	1	10	التوحيد و العقيدة	الدرس [9] التوحيد و العقيدة	73	non	
2026-12-10	1	10	النحو	الدرس [9] النحو	102	non	
2026-12-12	1	10	الفقه	الدرس [9] الفقه	131	non	
2026-12-14	1	11	السيرة النبوية	الدرس [10] السيرة النبوية	17	non	
2026-12-15	1	11	التجويد	الدرس [10] التجويد	1192	non	
2026-12-16	1	11	التوحيد و العقيدة	الدرس [10] التوحيد و العقيدة	75	non	
2026-12-17	1	11	النحو	الدرس [10] النحو	104	non	
2026-12-19	1	11	الفقه	الدرس [10] الفقه	133	non	
2026-12-21	1	12	السيرة النبوية	الدرس [11] السيرة النبوية	18	non	
2026-12-22	1	12	التجويد	الدرس [11] التجويد	1193	non	
2026-12-23	1	12	التوحيد و العقيدة	الدرس [11] التوحيد و العقيدة	76	non	
2026-12-24	1	12	النحو	الدرس [11] النحو	105	non	
2026-12-26	1	12	الفقه	الدرس [11] الفقه	134	non	
2026-12-28	1	13	السيرة النبوية	الدرس [12] السيرة النبوية	19	non	
2026-12-29	1	13	التجويد	الدرس [12] التجويد	1194	non	
2026-12-30	1	13	التوحيد و العقيدة	الدرس [12] التوحيد و العقيدة	77	non	
2026-12-31	1	13	النحو	الدرس [12] النحو	106	non	
2027-01-02	1	13	الفقه	الدرس [12] الفقه	135	non	
2027-01-04	1	14	السيرة النبوية	الدرس [13] السيرة النبوية	20	non	
2027-01-05	1	14	التجويد	الدرس [13] التجويد	1195	non	
2027-01-06	1	14	التوحيد و العقيدة	الدرس [13] التوحيد و العقيدة	78	non	
2027-01-07	1	14	النحو	الدرس [13] النحو	107	non	
2027-01-09	1	14	الفقه	الدرس [13] الفقه	136	non	
2027-03-15	2	1	السيرة النبوية	الدرس [14] السيرة النبوية	21	non	
2027-03-16	2	1	التجويد	الدرس [14] التجويد	1213	non	
2027-03-17	2	1	التوحيد و العقيدة	الدرس [14] التوحيد و العقيدة	79	non	
2027-03-18	2	1	النحو	الدرس [14] النحو	108	non	
2027-03-20	2	1	الفقه	الدرس [14] الفقه	922	non	
2027-03-22	2	2	السيرة النبوية	الدرس [15] السيرة النبوية	22	non	
2027-03-23	2	2	التجويد	الدرس [15] التجويد	1214	non	
2027-03-24	2	2	التوحيد و العقيدة	الدرس [15] التوحيد و العقيدة	80	non	
2027-03-25	2	2	النحو	الدرس [15] النحو	109	non	
2027-03-27	2	2	الفقه	الدرس [15] الفقه	918	non	
2027-03-30	2	3	التجويد	الدرس [16] التجويد	1215	non	
2027-04-06	2	4	التجويد	الدرس [17] التجويد	1216	non	
2027-04-13	2	5	التجويد	الدرس [18] التجويد	1217	non	
2027-04-20	2	6	التجويد	الدرس [19] التجويد	1197	non	
2027-04-26	2	7	السيرة النبوية	الدرس [16] السيرة النبوية	890	non	
2027-04-27	2	7	التجويد	الدرس [20] التجويد	1218	non	
2027-04-28	2	7	التوحيد و العقيدة	الدرس [16] التوحيد و العقيدة	81	non	
2027-04-29	2	7	النحو	الدرس [16] النحو	110	non	
2027-05-01	2	7	الفقه	الدرس [16] الفقه	923	non	
2027-05-03	2	8	السيرة النبوية	الدرس [17] السيرة النبوية	24	non	
2027-05-04	2	8	التجويد	الدرس [21] التجويد	1219	non	
2027-05-05	2	8	التوحيد و العقيدة	الدرس [17] التوحيد و العقيدة	82	non	
2027-05-06	2	8	النحو	الدرس [17] النحو	111	non	
2027-05-08	2	8	الفقه	الدرس [17] الفقه	924	non	
2027-05-10	2	9	السيرة النبوية	الدرس [18] السيرة النبوية	25	non	
2027-05-11	2	9	التجويد	الدرس [22] التجويد	1220	non	
2027-05-12	2	9	التوحيد و العقيدة	الدرس [18] التوحيد و العقيدة	83	non	
2027-05-13	2	9	النحو	الدرس [18] النحو	112	non	
2027-05-15	2	9	الفقه	الدرس [18] الفقه	141	non	
2027-05-17	2	10	السيرة النبوية	الدرس [19] السيرة النبوية	26	non	
2027-05-18	2	10	التجويد	الدرس [23] التجويد	1221	non	
2027-05-19	2	10	التوحيد و العقيدة	الدرس [19] التوحيد و العقيدة	84	non	
2027-05-20	2	10	النحو	الدرس [19] النحو	113	non	
2027-05-22	2	10	الفقه	الدرس [19] الفقه	142	non	
2027-05-24	2	11	السيرة النبوية	الدرس [20] السيرة النبوية	27	non	
2027-05-26	2	11	التوحيد و العقيدة	الدرس [20] التوحيد و العقيدة	85	non	
2027-05-27	2	11	النحو	الدرس [20] النحو	114	non	
2027-05-29	2	11	الفقه	الدرس [20] الفقه	143	non	
2027-05-31	2	12	السيرة النبوية	الدرس [21] السيرة النبوية	630	non	
2027-06-02	2	12	التوحيد و العقيدة	الدرس [21] التوحيد و العقيدة	87	non	
2027-06-03	2	12	النحو	الدرس [21] النحو	116	non	
2027-06-05	2	12	الفقه	الدرس [21] الفقه	145	non	
2027-06-07	2	13	السيرة النبوية	الدرس [22] السيرة النبوية	30	non	
2027-06-09	2	13	التوحيد و العقيدة	الدرس [22] التوحيد والعقيدة	631	non	
2027-06-12	2	13	الفقه	الدرس [22] الفقه	146	non	
2027-06-14	2	14	الفقه	الدرس [23] الفقه	1140	non	
2027-06-16	2	14	التوحيد و العقيدة	الدرس [23] التوحيد والعقيدة	639	non	
2027-06-19	2	14	الفقه	الدرس [24] الفقه	147	non	
2027-06-21	2	15	الفقه	الدرس [25] الفقه	1139	non	
2027-06-23	2	15	التوحيد و العقيدة	الدرس [24] التوحيد والعقيدة	641	non	
2027-06-26	2	15	الفقه	الدرس [25] الفقه	938	non	
